{
    "testweb@test.com": 1783115893.279282,
    "dowletbabajanov165@gmail.com": 1783368948.388379,
    "dowlet.babajanov@icloud.com": 1783813437.922353
}