{
    "amir@test.com->anna@test.com": 1782068805.645858,
    "testweb@test.com->anna@test.com": 1782940659.483749
}